{"assets/Thumbs.db":["assets/Thumbs.db"],"assets/abuja.jpg":["assets/abuja.jpg"],"assets/blog.png":["assets/blog.png"],"assets/blogo.png":["assets/blogo.png"],"assets/blogo_bdless.png":["assets/blogo_bdless.png"],"assets/blogo_text.png":["assets/blogo_text.png"],"assets/blogo_wbg.png":["assets/blogo_wbg.png"],"assets/building.png":["assets/building.png"],"assets/bul2.jpg":["assets/bul2.jpg"],"assets/bul2_clear.jpg":["assets/bul2_clear.jpg"],"assets/bul4.jpg":["assets/bul4.jpg"],"assets/bz_color.png":["assets/bz_color.png"],"assets/bz_white.png":["assets/bz_white.png"],"assets/cus_sup.png":["assets/cus_sup.png"],"assets/eatery.png":["assets/eatery.png"],"assets/error.gif":["assets/error.gif"],"assets/gohome.png":["assets/gohome.png"],"assets/gohome_light.png":["assets/gohome_light.png"],"assets/gym.png":["assets/gym.png"],"assets/hospital.png":["assets/hospital.png"],"assets/hotel.png":["assets/hotel.png"],"assets/icon.png":["assets/icon.png"],"assets/lagos.jpg":["assets/lagos.jpg"],"assets/load.gif":["assets/load.gif"],"assets/mall.png":["assets/mall.png"],"assets/noInternet.gif":["assets/noInternet.gif"],"assets/oyo.png":["assets/oyo.png"],"assets/person.png":["assets/person.png"],"assets/port.jpg":["assets/port.jpg"],"assets/properties.png":["assets/properties.png"],"assets/property.png":["assets/property.png"],"assets/property_location.jpg":["assets/property_location.jpg"],"assets/rent.png":["assets/rent.png"],"assets/sale.png":["assets/sale.png"],"assets/school.png":["assets/school.png"],"assets/success.gif":["assets/success.gif"],"packages/cupertino_icons/assets/CupertinoIcons.ttf":["packages/cupertino_icons/assets/CupertinoIcons.ttf"],"packages/flutter_google_places/assets/google_black.png":["packages/flutter_google_places/assets/google_black.png"],"packages/flutter_google_places/assets/google_white.png":["packages/flutter_google_places/assets/google_white.png"]}